<?xml version="1.0" encoding="utf-8"?>
<ArrayOfCar xmlns:xsi="http://www.w3.org/2001/XMLSchema-instance" xmlns:xsd="http://www.w3.org/2001/XMLSchema">
  <Car>
    <Driver>gengusa</Driver>
    <CarYear>2004</CarYear>
    <RegistrationNumber>23jf4</RegistrationNumber>
    <TaxiNumber>1</TaxiNumber>
    <CarType>Van</CarType>
  </Car>
  <Car>
    <Driver>maca</Driver>
    <CarYear>2000</CarYear>
    <RegistrationNumber>64hd</RegistrationNumber>
    <TaxiNumber>2</TaxiNumber>
    <CarType>PassengerCar</CarType>
  </Car>
  <Car>
    <Driver>joca</Driver>
    <CarYear>2003</CarYear>
    <RegistrationNumber>23df4</RegistrationNumber>
    <TaxiNumber>3</TaxiNumber>
    <CarType>PassengerCar</CarType>
  </Car>
</ArrayOfCar>