<?xml version="1.0" encoding="utf-8"?>
<ArrayOfDrive xmlns:xsi="http://www.w3.org/2001/XMLSchema-instance" xmlns:xsd="http://www.w3.org/2001/XMLSchema">
  <Drive>
    <DataAndTime>2018-06-17T14:13:05.8816891+02:00</DataAndTime>
    <Arrival>
      <X>45.249057</X>
      <Y>19.845991</Y>
      <Address>
        <Street>Sutjeska</Street>
        <Number>3</Number>
        <Town>Novi Sad</Town>
        <PostalCode>21000</PostalCode>
      </Address>
    </Arrival>
    <CarType>PassengerCar</CarType>
    <Customer>
      <UserName>barbi</UserName>
      <Password>aa</Password>
      <Name>Barbara</Name>
      <Surname>Segrt</Surname>
      <Gender>Male</Gender>
      <JMBG>504996815119</JMBG>
      <ContactPhoneNumber>0623453434</ContactPhoneNumber>
      <Email>bb@gmail.com</Email>
      <Role>Customer</Role>
      <Drives />
    </Customer>
    <Amount>0</Amount>
    <Status>Created_Waiting</Status>
  </Drive>
</ArrayOfDrive>