<?xml version="1.0" encoding="utf-8"?>
<ArrayOfDriver xmlns:xsi="http://www.w3.org/2001/XMLSchema-instance" xmlns:xsd="http://www.w3.org/2001/XMLSchema">
  <Driver>
    <UserName>gengusa</UserName>
    <Password>123</Password>
    <Name>Tam</Name>
    <Surname>gengusa</Surname>
    <Gender>Male</Gender>
    <JMBG>501997188925</JMBG>
    <ContactPhoneNumber>4444444444</ContactPhoneNumber>
    <Email>gica@yahoo.com</Email>
    <Role>Driver</Role>
    <Drives />
    <Location>
      <X>14.765630</X>
      <Y>24.740176</Y>
      <Address>
        <AddressFormat>Capharaon, القطرون, Libya / ليبيا</AddressFormat>
      </Address>
    </Location>
    <Car>
      <Driver>gengusa</Driver>
      <CarYear>2004</CarYear>
      <RegistrationNumber>23jf4</RegistrationNumber>
      <TaxiNumber>1</TaxiNumber>
      <CarType>Van</CarType>
    </Car>
    <Zauzet>false</Zauzet>
    <Blocked>false</Blocked>
  </Driver>
  <Driver>
    <UserName>maca</UserName>
    <Password>maca</Password>
    <Name>Nevena</Name>
    <Surname>Djurkovic</Surname>
    <Gender>Male</Gender>
    <JMBG>5678903412567</JMBG>
    <ContactPhoneNumber>333333</ContactPhoneNumber>
    <Email>maca123@gmail.com</Email>
    <Role>Driver</Role>
    <Drives />
    <Location>
      <X>11.337885</X>
      <Y>43.771094</Y>
      <Address>
        <AddressFormat>Via Montegirone, I Carpi, Fiesole, FI, TOS, 50012, Italia</AddressFormat>
      </Address>
    </Location>
    <Car>
      <Driver>maca</Driver>
      <CarYear>2000</CarYear>
      <RegistrationNumber>64hd</RegistrationNumber>
      <TaxiNumber>2</TaxiNumber>
      <CarType>Van</CarType>
    </Car>
    <Zauzet>false</Zauzet>
    <Blocked>false</Blocked>
  </Driver>
  <Driver>
    <UserName>joca</UserName>
    <Password>joca</Password>
    <Name>Jovan</Name>
    <Surname>Gajin</Surname>
    <Gender>Male</Gender>
    <JMBG>2828174859312</JMBG>
    <ContactPhoneNumber>232112434</ContactPhoneNumber>
    <Email>joca@yahoo.com</Email>
    <Role>Driver</Role>
    <Drives />
    <Location>
      <X>10.781252</X>
      <Y>44.757133</Y>
      <Address>
        <AddressFormat>Via Martiri di Cervarolo, Correggio, Pianura Reggiana, RE, EMR, 42018, Italia</AddressFormat>
      </Address>
    </Location>
    <Car>
      <Driver>joca</Driver>
      <CarYear>2003</CarYear>
      <RegistrationNumber>23df4</RegistrationNumber>
      <TaxiNumber>3</TaxiNumber>
      <CarType>PassengerCar</CarType>
    </Car>
    <Zauzet>true</Zauzet>
    <Blocked>false</Blocked>
  </Driver>
</ArrayOfDriver>