<?xml version="1.0" encoding="utf-8"?>
<ArrayOfUser xmlns:xsi="http://www.w3.org/2001/XMLSchema-instance" xmlns:xsd="http://www.w3.org/2001/XMLSchema">
  <User xsi:type="Customer">
    <UserName>barbi</UserName>
    <Password>aa</Password>
    <Name>Barbara</Name>
    <Surname>Segrt</Surname>
    <Gender>Male</Gender>
    <JMBG>504996815119</JMBG>
    <ContactPhoneNumber>0623453434</ContactPhoneNumber>
    <Email>bb@gmail.com</Email>
    <Role>Customer</Role>
    <Drives />
  </User>
</ArrayOfUser>